{
  "version": 3,
  "artifactType": {
    "type": "APK",
    "kind": "Directory"
  },
  "applicationId": "com.ichi2.anki.KASPER",
  "variantName": "fullRelease",
  "elements": [
    {
      "type": "ONE_OF_MANY",
      "filters": [
        {
          "filterType": "ABI",
          "value": "armeabi-v7a"
        }
      ],
      "attributes": [],
      "versionCode": 122200101,
      "versionName": "2.22alpha1",
      "outputFile": "AnkiDroid-full-armeabi-v7a-release.apk"
    },
    {
      "type": "ONE_OF_MANY",
      "filters": [
        {
          "filterType": "ABI",
          "value": "x86"
        }
      ],
      "attributes": [],
      "versionCode": 222200101,
      "versionName": "2.22alpha1",
      "outputFile": "AnkiDroid-full-x86-release.apk"
    },
    {
      "type": "ONE_OF_MANY",
      "filters": [
        {
          "filterType": "ABI",
          "value": "x86_64"
        }
      ],
      "attributes": [],
      "versionCode": 422200101,
      "versionName": "2.22alpha1",
      "outputFile": "AnkiDroid-full-x86_64-release.apk"
    },
    {
      "type": "ONE_OF_MANY",
      "filters": [
        {
          "filterType": "ABI",
          "value": "arm64-v8a"
        }
      ],
      "attributes": [],
      "versionCode": 322200101,
      "versionName": "2.22alpha1",
      "outputFile": "AnkiDroid-full-arm64-v8a-release.apk"
    }
  ],
  "elementType": "File",
  "baselineProfiles": [
    {
      "minApi": 28,
      "maxApi": 30,
      "baselineProfiles": [
        "baselineProfiles/1/AnkiDroid-full-armeabi-v7a-release.dm",
        "baselineProfiles/1/AnkiDroid-full-x86-release.dm",
        "baselineProfiles/1/AnkiDroid-full-x86_64-release.dm",
        "baselineProfiles/1/AnkiDroid-full-arm64-v8a-release.dm"
      ]
    },
    {
      "minApi": 31,
      "maxApi": 2147483647,
      "baselineProfiles": [
        "baselineProfiles/0/AnkiDroid-full-armeabi-v7a-release.dm",
        "baselineProfiles/0/AnkiDroid-full-x86-release.dm",
        "baselineProfiles/0/AnkiDroid-full-x86_64-release.dm",
        "baselineProfiles/0/AnkiDroid-full-arm64-v8a-release.dm"
      ]
    }
  ],
  "minSdkVersionForDexing": 24
}